{"cameraMode":{"drawMode":0,"name":"Shaded","section":"Shading Mode"},"sceneLighting":false,"audioPlay":false,"sceneViewState":{"m_AlwaysRefresh":false,"showFog":true,"showSkybox":false,"showFlares":true,"showImageEffects":true,"showParticleSystems":true,"showVisualEffectGraphs":true,"m_FxEnabled":true},"in2DMode":false,"pivot":{"x":3.048687696456909,"y":2.739755392074585,"z":-4.3471503257751469},"rotation":{"x":0.026994172483682634,"y":0.01349449623376131,"z":-0.00036327881389297545,"w":0.9995482563972473},"size":0.4528419077396393,"orthographic":true}