{"cameraMode":{"drawMode":0,"name":"Shaded","section":"Shading Mode"},"sceneLighting":true,"audioPlay":false,"sceneViewState":{"m_AlwaysRefresh":false,"showFog":true,"showSkybox":true,"showFlares":true,"showImageEffects":true,"showParticleSystems":true,"showVisualEffectGraphs":true,"m_FxEnabled":true},"in2DMode":false,"pivot":{"x":0.021886825561523439,"y":4.380037307739258,"z":-9.635574340820313},"rotation":{"x":0.18639309704303742,"y":-0.12343455851078034,"z":0.023600388318300248,"w":0.9744294285774231},"size":26.136980056762697,"orthographic":true}