{"cameraMode":{"drawMode":0,"name":"Shaded","section":"Shading Mode"},"sceneLighting":true,"audioPlay":false,"sceneViewState":{"m_AlwaysRefresh":false,"showFog":true,"showSkybox":true,"showFlares":true,"showImageEffects":true,"showParticleSystems":true,"showVisualEffectGraphs":true,"m_FxEnabled":true},"in2DMode":false,"pivot":{"x":-1.2430648803710938,"y":-3.5863301753997804,"z":16.959857940673829},"rotation":{"x":0.17113591730594636,"y":-0.1951357126235962,"z":0.034652337431907657,"w":0.9651596546173096},"size":14.535489082336426,"orthographic":false}