{"cameraMode":{"drawMode":0,"name":"Shaded","section":"Shading Mode"},"sceneLighting":true,"audioPlay":false,"sceneViewState":{"m_AlwaysRefresh":false,"showFog":true,"showSkybox":true,"showFlares":true,"showImageEffects":true,"showParticleSystems":true,"showVisualEffectGraphs":true,"m_FxEnabled":true},"in2DMode":false,"pivot":{"x":-0.6880683898925781,"y":8.308862686157227,"z":-8.3123779296875},"rotation":{"x":0.08087355643510819,"y":-0.03139375522732735,"z":0.002537424908950925,"w":0.9962509274482727},"size":26.136980056762697,"orthographic":true}