{"cameraMode":{"drawMode":0,"name":"Shaded","section":"Shading Mode"},"sceneLighting":true,"audioPlay":false,"sceneViewState":{"m_AlwaysRefresh":false,"showFog":true,"showSkybox":true,"showFlares":true,"showImageEffects":true,"showParticleSystems":true,"showVisualEffectGraphs":true,"m_FxEnabled":true},"in2DMode":false,"pivot":{"x":0.6909176111221314,"y":2.4026949405670168,"z":2.393831253051758},"rotation":{"x":0.19376613199710847,"y":-0.005888096056878567,"z":0.0011553100775927306,"w":0.9810456037521362},"size":14.539519309997559,"orthographic":true}