{"cameraMode":{"drawMode":0,"name":"Shaded","section":"Shading Mode"},"sceneLighting":true,"audioPlay":false,"sceneViewState":{"m_AlwaysRefresh":false,"showFog":true,"showSkybox":true,"showFlares":true,"showImageEffects":true,"showParticleSystems":true,"showVisualEffectGraphs":true,"m_FxEnabled":true},"in2DMode":false,"pivot":{"x":1.4357285499572755,"y":3.3939571380615236,"z":-3.325570583343506},"rotation":{"x":0.04798078164458275,"y":0.005993200466036797,"z":-0.00028620942612178624,"w":0.9988349080085754},"size":3.4593377113342287,"orthographic":true}