{"cameraMode":{"drawMode":0,"name":"Shaded","section":"Shading Mode"},"sceneLighting":true,"audioPlay":false,"sceneViewState":{"m_AlwaysRefresh":false,"showFog":true,"showSkybox":true,"showFlares":true,"showImageEffects":true,"showParticleSystems":true,"showVisualEffectGraphs":true,"m_FxEnabled":true},"in2DMode":false,"pivot":{"x":44.92563247680664,"y":37.79808044433594,"z":-70.08428192138672},"rotation":{"x":0.18997977674007417,"y":-0.22597578167915345,"z":0.045048199594020846,"w":0.9544201493263245},"size":34.16307067871094,"orthographic":true}
