{"cameraMode":{"drawMode":0,"name":"Shaded","section":"Shading Mode"},"sceneLighting":false,"audioPlay":false,"sceneViewState":{"m_AlwaysRefresh":false,"showFog":true,"showSkybox":false,"showFlares":true,"showImageEffects":true,"showParticleSystems":true,"showVisualEffectGraphs":true,"m_FxEnabled":true},"in2DMode":false,"pivot":{"x":2.6274282932281496,"y":0.8169971704483032,"z":-4.529821395874023},"rotation":{"x":0.03449248522520065,"y":-0.00599684426560998,"z":0.000208257682970725,"w":0.9993913769721985},"size":0.8660253882408142,"orthographic":true}