{"cameraMode":{"drawMode":0,"name":"Shaded","section":"Shading Mode"},"sceneLighting":false,"audioPlay":false,"sceneViewState":{"m_AlwaysRefresh":false,"showFog":true,"showSkybox":false,"showFlares":true,"showImageEffects":true,"showParticleSystems":true,"showVisualEffectGraphs":true,"m_FxEnabled":true},"in2DMode":false,"pivot":{"x":0.06961904466152191,"y":0.5527693033218384,"z":-5.959821701049805},"rotation":{"x":0.06445395201444626,"y":-0.005987487267702818,"z":0.0003885198966600001,"w":0.9979066848754883},"size":1.5090759992599488,"orthographic":true}