{"cameraMode":{"drawMode":0,"name":"Shaded","section":"Shading Mode"},"sceneLighting":false,"audioPlay":false,"sceneViewState":{"m_AlwaysRefresh":false,"showFog":true,"showSkybox":false,"showFlares":true,"showImageEffects":true,"showParticleSystems":true,"showVisualEffectGraphs":true,"m_FxEnabled":true},"in2DMode":false,"pivot":{"x":0.010678023099899292,"y":0.4350849390029907,"z":-5.949789047241211},"rotation":{"x":0.001499547390267253,"y":-0.004500142764300108,"z":0.000008537032044841908,"w":0.9999919533729553},"size":1.5090759992599488,"orthographic":true}