{"cameraMode":{"drawMode":0,"name":"Shaded","section":"Shading Mode"},"sceneLighting":false,"audioPlay":false,"sceneViewState":{"m_AlwaysRefresh":false,"showFog":true,"showSkybox":false,"showFlares":true,"showImageEffects":true,"showParticleSystems":true,"showVisualEffectGraphs":true,"m_FxEnabled":true},"in2DMode":false,"pivot":{"x":0.06961904466152191,"y":0.5527693033218384,"z":-5.959821701049805},"rotation":{"x":0.05828169360756874,"y":-0.07928024977445603,"z":0.004645229782909155,"w":0.995141327381134},"size":1.26703941822052,"orthographic":true}