{"cameraMode":{"drawMode":0,"name":"Shaded","section":"Shading Mode"},"sceneLighting":false,"audioPlay":false,"sceneViewState":{"m_AlwaysRefresh":false,"showFog":true,"showSkybox":false,"showFlares":true,"showImageEffects":true,"showParticleSystems":true,"showVisualEffectGraphs":true,"m_FxEnabled":true},"in2DMode":false,"pivot":{"x":3.8659465312957765,"y":0.47369852662086489,"z":-3.21319580078125},"rotation":{"x":0.08634114265441895,"y":-0.11183883249759674,"z":0.009754943661391735,"w":0.9899243116378784},"size":1.0358827114105225,"orthographic":true}